insert into public."Readers" values(1, 'Gonzalez', 'Christopher', '235 Murphy Knolls
New Paulbury, AZ 72609', to_date('2004-02-11', 'yyyy-mm-dd'));
insert into public."Readers" values(2, 'Turner', 'Danny', '803 Hall Roads
East Danielburgh, NH 67590', to_date('1971-11-10', 'yyyy-mm-dd'));
insert into public."Readers" values(3, 'Morris', 'Scott', '402 Parker River Suite 154
Ninaview, ID 89985', to_date('1947-03-30', 'yyyy-mm-dd'));
insert into public."Readers" values(4, 'Scott', 'Sean', '4949 Carpenter Place Suite 177
Thompsonport, ND 44289', to_date('1935-08-03', 'yyyy-mm-dd'));
insert into public."Readers" values(5, 'Brown', 'Collin', '220 Nicole Alley Apt. 749
Kimberlymouth, CT 41650', to_date('1960-02-01', 'yyyy-mm-dd'));
insert into public."Readers" values(6, 'Munoz', 'William', 'PSC 8060, Box 0678
APO AA 23565', to_date('1924-02-09', 'yyyy-mm-dd'));
insert into public."Readers" values(7, 'Estes', 'Jeffery', '00582 Catherine Course Apt. 563
West Ann, WI 31201', to_date('1979-12-04', 'yyyy-mm-dd'));
insert into public."Readers" values(8, 'Case', 'Samantha', '6384 Gomez Greens Suite 601
Lake Steven, MD 48980', to_date('1965-01-08', 'yyyy-mm-dd'));
insert into public."Readers" values(9, 'Mendez', 'Colleen', '9122 Thomas Prairie Apt. 711
North Matthew, LA 35915', to_date('1990-08-08', 'yyyy-mm-dd'));
insert into public."Readers" values(10, 'Evans', 'James', '0860 Rebecca Ramp Apt. 902
Kennethstad, MN 32521', to_date('1922-01-01', 'yyyy-mm-dd'));
insert into public."Readers" values(11, 'Mason', 'Robert', '8255 Noah Vista Suite 778
Port Allisonfurt, LA 43728', to_date('1972-06-18', 'yyyy-mm-dd'));
insert into public."Readers" values(12, 'Flores', 'Haley', 'PSC 3401, Box 4418
APO AE 84383', to_date('1972-01-06', 'yyyy-mm-dd'));
insert into public."Readers" values(13, 'Zuniga', 'Patricia', '729 Bryant Place Apt. 854
Sharpport, MI 79188', to_date('2011-03-17', 'yyyy-mm-dd'));
insert into public."Readers" values(14, 'Estrada', 'Andrew', 'USS Day
FPO AA 22028', to_date('1979-05-29', 'yyyy-mm-dd'));
insert into public."Readers" values(15, 'Ortega', 'Adam', '27522 Jamie Village Apt. 178
Nathanport, GA 11234', to_date('2011-03-21', 'yyyy-mm-dd'));
insert into public."Readers" values(16, 'Cantu', 'Alfred', '38800 Christina Glens Suite 238
Crystalfort, AR 48642', to_date('1976-03-10', 'yyyy-mm-dd'));
insert into public."Readers" values(17, 'Parker', 'Amber', '822 Kyle Lake Suite 058
West Barbara, MO 06778', to_date('1977-04-16', 'yyyy-mm-dd'));
insert into public."Readers" values(18, 'Mahoney', 'Heather', '689 Stone Avenue
New Shawnborough, AR 30980', to_date('2010-09-24', 'yyyy-mm-dd'));
insert into public."Readers" values(19, 'Miller', 'Vanessa', '39530 Ryan Wall Suite 095
Marcfurt, IA 14178', to_date('1997-11-30', 'yyyy-mm-dd'));
insert into public."Readers" values(20, 'Sutton', 'David', '4579 Marcus Valleys Suite 903
Christopherberg, ND 43622', to_date('1934-08-27', 'yyyy-mm-dd'));
insert into public."Readers" values(21, 'Guerrero', 'Brett', 'PSC 9629, Box 1837
APO AP 87265', to_date('1987-02-27', 'yyyy-mm-dd'));
insert into public."Readers" values(22, 'Roberts', 'Kimberly', '2571 Johnson Unions Apt. 087
Elizabethfurt, VT 16632', to_date('2013-04-12', 'yyyy-mm-dd'));
insert into public."Readers" values(23, 'Oconnor', 'Thomas', '0621 Lauren Vista Apt. 762
Rhondahaven, UT 31824', to_date('1927-08-31', 'yyyy-mm-dd'));
insert into public."Readers" values(24, 'Dyer', 'Joseph', '37219 Yang Pike
Williamsonfurt, MN 04176', to_date('1970-10-03', 'yyyy-mm-dd'));
insert into public."Readers" values(25, 'Webb', 'Jonathon', 'Unit 7767 Box 7230
DPO AP 84528', to_date('1977-08-27', 'yyyy-mm-dd'));
insert into public."Readers" values(26, 'Lin', 'Betty', '78693 Green Harbor
Timothytown, MA 49484', to_date('1968-12-21', 'yyyy-mm-dd'));
insert into public."Readers" values(27, 'Houston', 'Christopher', '0170 Perez Dale Apt. 997
Lake Jillian, MT 07664', to_date('1926-07-20', 'yyyy-mm-dd'));
insert into public."Readers" values(28, 'Collins', 'Erin', '4889 Savage Lights Suite 724
Lake Steven, AZ 49322', to_date('1977-02-03', 'yyyy-mm-dd'));
insert into public."Readers" values(29, 'Campbell', 'Ryan', '72719 William Landing
North Andrew, TX 44968', to_date('1969-06-12', 'yyyy-mm-dd'));
insert into public."Readers" values(30, 'Carter', 'Jeffery', '30642 Ashlee Place Apt. 282
South Alexandra, OR 17356', to_date('1963-11-06', 'yyyy-mm-dd'));
insert into public."Readers" values(31, 'Dean', 'William', '759 Kenneth Prairie Suite 175
East Angelabury, MS 42724', to_date('1961-08-04', 'yyyy-mm-dd'));
insert into public."Readers" values(32, 'Hill', 'Paige', '246 Phillip Land Apt. 837
South Isabella, AK 36565', to_date('1952-10-31', 'yyyy-mm-dd'));
insert into public."Readers" values(33, 'Carroll', 'Kimberly', '1770 William Dale
East Jerryview, CO 33958', to_date('1936-01-31', 'yyyy-mm-dd'));
insert into public."Readers" values(34, 'Klein', 'Heather', '7581 Corey Courts Apt. 564
South Melanie, MD 55748', to_date('1979-09-13', 'yyyy-mm-dd'));
insert into public."Readers" values(35, 'Harris', 'Lauren', '39298 Tabitha Islands
Robertland, SD 63867', to_date('1950-10-15', 'yyyy-mm-dd'));
insert into public."Readers" values(36, 'Pennington', 'Lynn', '385 Lee Fall
Robertchester, OR 06906', to_date('2013-03-28', 'yyyy-mm-dd'));
insert into public."Readers" values(37, 'Peterson', 'Debra', '6957 Morgan Viaduct
Lake Zacharychester, AR 27223', to_date('1957-09-27', 'yyyy-mm-dd'));
insert into public."Readers" values(38, 'Wilson', 'Erica', '329 Amanda Manor
Vasquezchester, FL 76669', to_date('1922-05-09', 'yyyy-mm-dd'));
insert into public."Readers" values(39, 'Moore', 'Stephen', '87040 Brenda Trace Suite 407
South Olivia, MA 24736', to_date('1930-11-13', 'yyyy-mm-dd'));
insert into public."Readers" values(40, 'Webb', 'Jacob', '38245 Andrew View
New Sara, CO 17426', to_date('1997-02-20', 'yyyy-mm-dd'));
insert into public."Readers" values(41, 'Smith', 'Sabrina', '56336 Mccullough Keys Suite 869
Perkinsberg, CT 94647', to_date('2005-01-31', 'yyyy-mm-dd'));
insert into public."Readers" values(42, 'Hill', 'Lynn', '26242 Potter Motorway
Williamsmouth, NV 48125', to_date('1958-06-28', 'yyyy-mm-dd'));
insert into public."Readers" values(43, 'Kennedy', 'Joseph', '55797 Robert Roads
New Caitlin, NH 80107', to_date('1960-01-15', 'yyyy-mm-dd'));
insert into public."Readers" values(44, 'Shelton', 'Michael', '1111 Rodriguez Meadows Apt. 470
Arianaport, IA 15010', to_date('1982-04-01', 'yyyy-mm-dd'));
insert into public."Readers" values(45, 'Banks', 'Jennifer', 'Unit 4435 Box 2493
DPO AE 52752', to_date('1974-03-24', 'yyyy-mm-dd'));
insert into public."Readers" values(46, 'Jackson', 'Seth', '0317 Timothy Spur
Sotochester, KS 10470', to_date('1965-03-20', 'yyyy-mm-dd'));
insert into public."Readers" values(47, 'Ortiz', 'William', '48403 Jeffrey Ports
New Daniel, TX 36511', to_date('1973-03-02', 'yyyy-mm-dd'));
insert into public."Readers" values(48, 'Bennett', 'Lindsay', '89705 Gregory Spring Suite 134
Michaelside, NY 28325', to_date('1941-04-12', 'yyyy-mm-dd'));
insert into public."Readers" values(49, 'Robinson', 'David', '1400 Yang Terrace Suite 757
Seanfort, VT 59832', to_date('1945-11-14', 'yyyy-mm-dd'));
insert into public."Readers" values(50, 'Valdez', 'Vanessa', 'USNV Wade
FPO AE 09335', to_date('1972-10-22', 'yyyy-mm-dd'));
insert into public."Readers" values(51, 'Lewis', 'Kathleen', '463 Kevin Summit
Jamesfurt, MS 94770', to_date('2007-07-30', 'yyyy-mm-dd'));
insert into public."Readers" values(52, 'Price', 'Donald', 'Unit 4646 Box 7642
DPO AP 41203', to_date('1925-10-20', 'yyyy-mm-dd'));
insert into public."Readers" values(53, 'Yates', 'Nathan', 'Unit 2990 Box 1696
DPO AP 16849', to_date('1940-05-12', 'yyyy-mm-dd'));
insert into public."Readers" values(54, 'Stuart', 'Amber', '37254 Rivas Trail
Port Dianaton, UT 47331', to_date('2006-07-09', 'yyyy-mm-dd'));
insert into public."Readers" values(55, 'Carr', 'Teresa', '910 Davis Creek Apt. 893
Hoffmanborough, MA 19010', to_date('1936-09-25', 'yyyy-mm-dd'));
insert into public."Readers" values(56, 'Williams', 'Eric', '95483 Kevin Junctions
West David, NM 81144', to_date('1974-07-14', 'yyyy-mm-dd'));
insert into public."Readers" values(57, 'White', 'Christina', '533 Katherine Summit Suite 731
Port Genebury, RI 67101', to_date('1950-07-07', 'yyyy-mm-dd'));
insert into public."Readers" values(58, 'Faulkner', 'Angela', '382 Hunt Alley
New Amandahaven, GA 68391', to_date('1986-05-04', 'yyyy-mm-dd'));
insert into public."Readers" values(59, 'Gomez', 'Jessica', '301 Jose River
Mclaughlinside, MN 44148', to_date('1971-03-21', 'yyyy-mm-dd'));
insert into public."Readers" values(60, 'Tyler', 'Kimberly', '08141 Phillips Track Apt. 636
Lozanohaven, NH 59840', to_date('1986-08-03', 'yyyy-mm-dd'));
insert into public."Readers" values(61, 'Cummings', 'Kristy', '5197 David Crossroad Suite 242
Bradleyton, DE 54724', to_date('1954-02-10', 'yyyy-mm-dd'));
insert into public."Readers" values(62, 'Hodge', 'Karen', '00481 Jeremy Skyway Apt. 266
Mooremouth, WY 57934', to_date('1932-08-12', 'yyyy-mm-dd'));
insert into public."Readers" values(63, 'Bennett', 'Jesse', '782 Amy Villages Apt. 701
Lake Joshua, NM 15741', to_date('1921-09-16', 'yyyy-mm-dd'));
insert into public."Readers" values(64, 'Avila', 'Amy', '1476 Bennett Pass Apt. 955
Jennifermouth, LA 09181', to_date('1961-07-02', 'yyyy-mm-dd'));
insert into public."Readers" values(65, 'Soto', 'Kimberly', '50680 Benjamin Neck
East Annport, KS 32977', to_date('1938-12-28', 'yyyy-mm-dd'));
insert into public."Readers" values(66, 'Welch', 'David', '9469 Diana Pass
West Karen, GA 06585', to_date('1943-03-16', 'yyyy-mm-dd'));
insert into public."Readers" values(67, 'Glover', 'Elizabeth', 'PSC 8099, Box 2721
APO AP 30279', to_date('1951-04-15', 'yyyy-mm-dd'));
insert into public."Readers" values(68, 'Burch', 'Jonathan', '6495 Nicholas Ville Suite 755
Georgeville, IN 95433', to_date('1956-01-12', 'yyyy-mm-dd'));
insert into public."Readers" values(69, 'Contreras', 'Hannah', '83288 Hernandez Highway Suite 614
Cruzmouth, ND 13283', to_date('2011-02-19', 'yyyy-mm-dd'));
insert into public."Readers" values(70, 'Griffin', 'Angelica', '8296 Tiffany Mission
Alexisview, LA 04152', to_date('1960-12-16', 'yyyy-mm-dd'));
insert into public."Readers" values(71, 'Griffin', 'Danielle', '112 Spencer Plain Suite 378
Port Charlesstad, MT 53561', to_date('1940-06-12', 'yyyy-mm-dd'));
insert into public."Readers" values(72, 'Ortiz', 'Anthony', '32968 Sanchez Key
Brittanystad, HI 70687', to_date('2001-04-25', 'yyyy-mm-dd'));
insert into public."Readers" values(73, 'Reilly', 'Samantha', '7558 Wilson Hollow
New Sean, MT 91528', to_date('1934-04-12', 'yyyy-mm-dd'));
insert into public."Readers" values(74, 'Pearson', 'Rebecca', '405 Bradley Cove
West Stephanieview, ND 14404', to_date('1983-04-21', 'yyyy-mm-dd'));
insert into public."Readers" values(75, 'Flynn', 'Cory', '7953 Wilson Road
Evelyntown, NC 79123', to_date('1996-11-18', 'yyyy-mm-dd'));
insert into public."Readers" values(76, 'Kim', 'Tracey', '32360 Mary Ford
Tracyfurt, DC 64888', to_date('1956-01-03', 'yyyy-mm-dd'));
insert into public."Readers" values(77, 'Brown', 'Charles', '17035 Nina Throughway Suite 923
Christopherport, WV 02053', to_date('1994-04-23', 'yyyy-mm-dd'));
insert into public."Readers" values(78, 'Osborne', 'Michael', '85131 Jesus Islands Suite 474
New Felicia, CO 58326', to_date('1964-09-12', 'yyyy-mm-dd'));
insert into public."Readers" values(79, 'Sampson', 'Samantha', '983 Knight Island
Westview, AL 81831', to_date('1930-05-19', 'yyyy-mm-dd'));
insert into public."Readers" values(80, 'Reed', 'Jason', '37943 Susan Groves Suite 809
North Michelleside, DC 09631', to_date('2005-09-30', 'yyyy-mm-dd'));
insert into public."Readers" values(81, 'Hart', 'Christopher', '843 Pham Vista Suite 282
West Karenland, VA 69333', to_date('1978-02-12', 'yyyy-mm-dd'));
insert into public."Readers" values(82, 'Johnson', 'Ronald', '888 Victoria Garden
Port James, SD 65361', to_date('2003-06-11', 'yyyy-mm-dd'));
insert into public."Readers" values(83, 'Burgess', 'Alyssa', '22744 Marcus Circles Apt. 326
Hurstborough, MO 70716', to_date('1965-08-09', 'yyyy-mm-dd'));
insert into public."Readers" values(84, 'Jackson', 'Philip', '17197 James Viaduct
Lake Amyside, NV 94363', to_date('1964-01-02', 'yyyy-mm-dd'));
insert into public."Readers" values(85, 'Gilbert', 'Nathan', '25253 Arias Square
East Kathleenstad, ME 82753', to_date('2013-09-21', 'yyyy-mm-dd'));
insert into public."Readers" values(86, 'Branch', 'Anthony', '5494 Elizabeth Park Apt. 456
Melissaton, AL 27181', to_date('1972-01-27', 'yyyy-mm-dd'));
insert into public."Readers" values(87, 'Hensley', 'Veronica', '1460 Osborne Neck Suite 433
Nicholasborough, MA 93129', to_date('2007-04-10', 'yyyy-mm-dd'));
insert into public."Readers" values(88, 'Mendez', 'Michael', '3685 Harrington Place Apt. 238
Lake Coryton, DC 05654', to_date('1932-01-30', 'yyyy-mm-dd'));
insert into public."Readers" values(89, 'Molina', 'Derek', '736 English Trail
North Monique, ME 36638', to_date('2000-07-13', 'yyyy-mm-dd'));
insert into public."Readers" values(90, 'Gomez', 'Robert', '6463 Miller Road
West Amber, NV 64837', to_date('1966-01-22', 'yyyy-mm-dd'));
insert into public."Readers" values(91, 'Evans', 'Shawna', '455 Gibson Drives
West Bridget, MD 24077', to_date('1994-01-14', 'yyyy-mm-dd'));
insert into public."Readers" values(92, 'Wood', 'Leslie', '7906 Fisher Ridge Apt. 718
Kathystad, RI 49035', to_date('1926-07-20', 'yyyy-mm-dd'));
insert into public."Readers" values(93, 'Martin', 'Shannon', '017 Mccarty Points
Port Daniel, DE 25694', to_date('2010-10-21', 'yyyy-mm-dd'));
insert into public."Readers" values(94, 'Lopez', 'Carlos', '440 Prince Station
North Yvonneport, SD 37826', to_date('2002-12-23', 'yyyy-mm-dd'));
insert into public."Readers" values(95, 'Harris', 'James', '96654 Austin Forks Apt. 335
Peterberg, ND 92435', to_date('1966-03-22', 'yyyy-mm-dd'));
insert into public."Readers" values(96, 'Love', 'Matthew', '3889 John Fall Suite 601
Kimton, MS 32301', to_date('1946-04-28', 'yyyy-mm-dd'));
insert into public."Readers" values(97, 'Grimes', 'Ruben', '678 Victoria Spring Apt. 125
East Linda, VA 73806', to_date('1942-08-26', 'yyyy-mm-dd'));
insert into public."Readers" values(98, 'Stephenson', 'Brianna', 'USNS Parker
FPO AP 37449', to_date('1930-12-15', 'yyyy-mm-dd'));
insert into public."Readers" values(99, 'Brown', 'Richard', '3319 Smith Meadows Apt. 839
Myerschester, OH 91594', to_date('1982-06-03', 'yyyy-mm-dd'));
insert into public."Readers" values(100, 'Johnson', 'Shane', '716 Wilson Square Suite 061
Hamiltonland, IL 12371', to_date('1933-12-31', 'yyyy-mm-dd'));

insert into public."Publishers" values('face', '5082 Martinez Parkways
North Michelletown, NE 47777');
insert into public."Publishers" values('also', 'PSC 4222, Box 3329
APO AE 44733');
insert into public."Publishers" values('executive', '162 Lin Stravenue Apt. 319
Rachelfurt, WY 78662');
insert into public."Publishers" values('institution', '668 Angela Hill
East Taylorchester, TN 49745');
insert into public."Publishers" values('talk', 'USNV Herrera
FPO AP 41712');
insert into public."Publishers" values('thousand', '91834 Green Corners
Port Stacey, PA 67959');
insert into public."Publishers" values('American', '93328 Garcia Mount
Brianachester, HI 27960');
insert into public."Publishers" values('citizen', '8592 Steven Knoll
Jessicaberg, SD 67705');
insert into public."Publishers" values('property', '285 Waters Passage Suite 396
Hawkinsshire, NM 30255');
insert into public."Publishers" values('old', '0604 Stephens Heights Suite 351
North Meagantown, TX 25323');
insert into public."Publishers" values('rather', '390 Delgado Pike Apt. 589
Williambury, MA 18588');
insert into public."Publishers" values('detail', '6934 Shelby Trafficway Apt. 902
South Brittany, GA 61272');
insert into public."Publishers" values('but', '937 George Shore
South Josephburgh, AZ 06609');
insert into public."Publishers" values('magazine', '103 Justin Mount
Wilsonburgh, NH 88431');
insert into public."Publishers" values('agency', '23878 Lowery Spring Suite 165
South Cameron, WA 38843');
insert into public."Publishers" values('receive', '055 Oliver Oval
East Henry, SD 57091');
insert into public."Publishers" values('sport', '22225 Dennis Inlet Apt. 456
Christopherstad, NV 58936');
insert into public."Publishers" values('value', '04492 Andrew Causeway
Barreramouth, MS 68882');
insert into public."Publishers" values('material', '2898 Laura Centers
Shepherdchester, MN 64507');
insert into public."Publishers" values('state', '425 Smith Harbor
Salinasside, MN 57595');
insert into public."Publishers" values('direction', '59515 Hess Stream
Shelbyberg, NH 56031');
insert into public."Publishers" values('behind', '86517 Clark Way
Brownmouth, WA 93466');
insert into public."Publishers" values('station', '667 Peterson Branch Apt. 706
Benjaminville, NV 71025');
insert into public."Publishers" values('explain', '15235 Caitlin Fords Apt. 111
New Jennifer, ME 73100');
insert into public."Publishers" values('rule', '467 Bethany Islands Apt. 887
West Georgeview, IA 41428');
insert into public."Publishers" values('operation', '4516 Allen Lane Apt. 022
Paynefurt, NH 57778');
insert into public."Publishers" values('same', '4242 Brian Place Apt. 153
Saraside, WI 15830');
insert into public."Publishers" values('marriage', '9007 Martha Lights
Port Josephshire, TX 90869');
insert into public."Publishers" values('heart', '79319 Stephanie Station
Craigmouth, LA 64903');
insert into public."Publishers" values('woman', '58376 Brown Vista Apt. 044
Port Clinton, WI 12605');
insert into public."Publishers" values('thus', '560 Robinson Drives Apt. 072
Port Nicholasland, VA 33159');
insert into public."Publishers" values('run', '3012 Wells Grove
West Stephenland, VT 92356');
insert into public."Publishers" values('gas', '6976 Wagner Tunnel
South Sarahbury, NY 46922');
insert into public."Publishers" values('set', 'Unit 4779 Box 4370
DPO AP 82797');
insert into public."Publishers" values('once', '989 Jessica Drive Suite 763
East Michelle, ME 14540');
insert into public."Publishers" values('ten', '12167 Tyler Glen
Port Randallville, NH 98589');
insert into public."Publishers" values('door', '0953 Moore Prairie
Thompsonfurt, WY 62442');
insert into public."Publishers" values('democratic', '0087 Kendra Fork Suite 666
Turnerbury, MT 29375');
insert into public."Publishers" values('until', '0616 Sarah Estates
New Victor, SC 23838');
insert into public."Publishers" values('close', '935 Wilson Summit Apt. 856
East Timothyville, VA 17682');
insert into public."Publishers" values('born', 'PSC 8616, Box 0027
APO AP 80591');
insert into public."Publishers" values('nor', '9405 Simon Pine
New Barbarafort, OK 28129');
insert into public."Publishers" values('throughout', '33406 Ashley Estates Suite 433
Port Justinbury, NH 56063');
insert into public."Publishers" values('part', '011 Stephanie Flat Apt. 669
West Brittany, LA 37435');
insert into public."Publishers" values('truth', '10904 Michael Squares
Floydton, KY 25685');
insert into public."Publishers" values('home', '68449 Bond Bridge Suite 839
Scottville, MO 83122');
insert into public."Publishers" values('level', '468 Bond Trace
Katrinamouth, CA 23073');
insert into public."Publishers" values('head', '1703 Anna Trail Suite 356
Bushview, SD 71328');
insert into public."Publishers" values('side', '6518 Moody Ford Apt. 400
Port Stephenstad, MD 53180');
insert into public."Publishers" values('fall', '095 Ellis Mews Suite 841
South Carolynton, NC 89429');

insert into public."Books" values(651600, 'human', 'Shelly Zhang', 4357, 1588, 'same');
insert into public."Books" values(611020, 'of', 'Monica Frost', 7848, 1858, 'heart');
insert into public."Books" values(402686, 'option', 'Frank Kirk', 2795, 1703, 'woman');
insert into public."Books" values(852597, 'wide', 'Theodore Esparza', 9814, 1666, 'born');
insert into public."Books" values(715896, 'across', 'Tammy Vargas', 8310, 1791, 'old');
insert into public."Books" values(479773, 'quality', 'April Wilkinson', 7518, 1925, 'also');
insert into public."Books" values(482, 'officer', 'Wayne Campbell', 5780, 1677, 'close');
insert into public."Books" values(686881, 'quickly', 'Jose Moreno', 1699, 1814, 'sport');
insert into public."Books" values(478117, 'great', 'Phillip Parsons', 3996, 1537, 'throughout');
insert into public."Books" values(54706, 'knowledge', 'Christopher Allen', 334, 1821, 'door');
insert into public."Books" values(253563, 'team', 'Jacob Miller', 4268, 1602, 'operation');
insert into public."Books" values(254215, 'possible', 'Kevin Jones', 7474, 1761, 'level');
insert into public."Books" values(500676, 'general', 'Brandy Johnson', 6993, 1560, 'home');
insert into public."Books" values(435389, 'economy', 'Jimmy Hines', 3016, 1831, 'American');
insert into public."Books" values(966397, 'law', 'William Ramos', 4187, 1621, 'executive');
insert into public."Books" values(203974, 'glass', 'Kevin Jones', 4212, 1633, 'operation');
insert into public."Books" values(477363, 'student', 'Brett Reyes', 4631, 1698, 'magazine');
insert into public."Books" values(159803, 'car', 'Jeffrey Allen', 3040, 1848, 'heart');
insert into public."Books" values(499692, 'later', 'Donald York', 1527, 1925, 'rather');
insert into public."Books" values(702560, 'security', 'Richard Oliver', 1647, 1998, 'run');
insert into public."Books" values(589896, 'begin', 'Jennifer Jackson', 2024, 1792, 'agency');
insert into public."Books" values(486433, 'include', 'Gregory Huff', 8534, 1781, 'nor');
insert into public."Books" values(519977, 'training', 'Vanessa Gardner', 1667, 1774, 'sport');
insert into public."Books" values(243577, 'six', 'Rose Cortez', 8296, 1981, 'operation');
insert into public."Books" values(6730, 'major', 'George Walsh', 721, 1778, 'born');
insert into public."Books" values(402608, 'radio', 'Hannah Neal', 4198, 1808, 'property');
insert into public."Books" values(291938, 'sign', 'Charles Poole', 3922, 1798, 'state');
insert into public."Books" values(499406, 'management', 'Michael Mayer', 1186, 1749, 'sport');
insert into public."Books" values(787636, 'everything', 'Susan Mcclain', 6804, 1992, 'until');
insert into public."Books" values(566604, 'remain', 'David Perez', 8151, 1788, 'detail');
insert into public."Books" values(888013, 'kid', 'Barry Boyd', 176, 1800, 'same');
insert into public."Books" values(691279, 'each', 'Tonya Klein', 2831, 1827, 'nor');
insert into public."Books" values(372476, 'recently', 'Kathleen Singleton', 7031, 1956, 'gas');
insert into public."Books" values(590289, 'message', 'Steven Eaton', 6199, 1671, 'thus');
insert into public."Books" values(855737, 'none', 'Jon Buchanan', 5189, 1961, 'also');
insert into public."Books" values(601056, 'sometimes', 'Joseph Stewart', 369, 1716, 'run');
insert into public."Books" values(560400, 'rule', 'Catherine Smith', 1991, 2013, 'head');
insert into public."Books" values(544270, 'together', 'Michael Torres', 5278, 1673, 'behind');
insert into public."Books" values(874064, 'religious', 'Joanna Garza', 6399, 1543, 'marriage');
insert into public."Books" values(876780, 'tough', 'Frank Galvan', 9240, 2017, 'executive');
insert into public."Books" values(801125, 'pass', 'Michael Rodriguez', 9824, 1806, 'same');
insert into public."Books" values(567993, 'within', 'Nicole Williams', 853, 1564, 'agency');
insert into public."Books" values(213971, 'health', 'April Conley PhD', 7890, 1674, 'value');
insert into public."Books" values(452588, 'lose', 'Paula Warren', 2597, 1723, 'also');
insert into public."Books" values(114070, 'learn', 'Donald Marsh', 1188, 2019, 'side');
insert into public."Books" values(226616, 'all', 'Thomas Henderson', 205, 1963, 'woman');
insert into public."Books" values(559880, 'hour', 'Catherine Steele', 4478, 1779, 'sport');
insert into public."Books" values(762180, 'character', 'Brad Moore', 6883, 1797, 'old');
insert into public."Books" values(284506, 'life', 'Keith Bass', 5654, 1671, 'once');
insert into public."Books" values(670187, 'course', 'Wanda Chandler', 1617, 1908, 'democratic');
insert into public."Books" values(235610, 'indeed', 'Chad Hall', 3627, 1768, 'receive');
insert into public."Books" values(986657, 'form', 'Jesse Graham', 6180, 1795, 'set');
insert into public."Books" values(660716, 'color', 'Carrie Spencer', 1250, 1886, 'talk');
insert into public."Books" values(82799, 'tough', 'Brent Crawford', 2669, 1836, 'sport');
insert into public."Books" values(400576, 'scientist', 'Donald Kramer', 6854, 1783, 'detail');
insert into public."Books" values(833253, 'class', 'Cynthia Dixon', 8541, 1896, 'receive');
insert into public."Books" values(481284, 'by', 'Tina Jordan', 8971, 1707, 'face');
insert into public."Books" values(532851, 'position', 'Shawn Henry', 763, 1711, 'democratic');
insert into public."Books" values(914010, 'thing', 'Nicholas Anderson', 2536, 1678, 'but');
insert into public."Books" values(4186, 'hit', 'Angela Mcclure', 5865, 1995, 'thousand');
insert into public."Books" values(87811, 'life', 'Robert Sanders', 7804, 1852, 'old');
insert into public."Books" values(292555, 'sit', 'Janet Thomas', 4287, 1854, 'behind');
insert into public."Books" values(945360, 'response', 'Matthew Fox', 4921, 1607, 'thousand');
insert into public."Books" values(826809, 'from', 'Courtney Spears', 5229, 1551, 'once');
insert into public."Books" values(615068, 'sit', 'Cassandra Ayala', 9509, 1680, 'side');
insert into public."Books" values(937663, 'range', 'Julie Hart', 1466, 1950, 'also');
insert into public."Books" values(249548, 'impact', 'Nina Robinson', 6272, 1666, 'magazine');
insert into public."Books" values(496052, 'next', 'Kendra Suarez', 8265, 1635, 'heart');
insert into public."Books" values(388518, 'area', 'James Beasley', 283, 1809, 'operation');
insert into public."Books" values(886472, 'population', 'Alexandra Nguyen', 5690, 1562, 'agency');
insert into public."Books" values(785924, 'push', 'Cameron Tucker', 6855, 1688, 'head');
insert into public."Books" values(29425, 'success', 'Sarah Mason', 8525, 1927, 'magazine');
insert into public."Books" values(950325, 'party', 'Malik Estes', 977, 1772, 'explain');
insert into public."Books" values(987361, 'look', 'Andrew Payne', 5010, 1913, 'democratic');
insert into public."Books" values(780760, 'trouble', 'Mr. Eric Brown PhD', 7958, 1640, 'level');
insert into public."Books" values(727797, 'kind', 'Ian Brown', 6957, 1743, 'talk');
insert into public."Books" values(281447, 'report', 'William Smith', 2659, 1769, 'side');
insert into public."Books" values(175470, 'morning', 'Ralph Evans PhD', 1462, 1815, 'side');
insert into public."Books" values(682571, 'truth', 'Cheryl Christian', 6972, 1779, 'magazine');
insert into public."Books" values(982571, 'buy', 'Jeremy Gonzalez', 6802, 1648, 'American');
insert into public."Books" values(483667, 'Congress', 'Lauren Tucker', 5180, 1864, 'value');
insert into public."Books" values(786665, 'task', 'Jamie Moore', 2403, 1551, 'door');
insert into public."Books" values(27620, 'unit', 'William Guzman', 5078, 1786, 'set');
insert into public."Books" values(751681, 'region', 'Debra Fleming', 4527, 2000, 'close');
insert into public."Books" values(530891, 'national', 'Sara Davis', 5584, 1825, 'direction');
insert into public."Books" values(820132, 'letter', 'Gene Johnson', 390, 1614, 'door');
insert into public."Books" values(154986, 'from', 'Jeffrey Delgado DVM', 7229, 1749, 'but');
insert into public."Books" values(103219, 'early', 'Jon Mclaughlin', 4899, 1668, 'head');
insert into public."Books" values(581267, 'site', 'Taylor Smith', 7615, 1512, 'but');
insert into public."Books" values(657960, 'method', 'Elizabeth Sloan', 5716, 1960, 'station');
insert into public."Books" values(845603, 'determine', 'Erika Wagner', 8571, 1945, 'truth');
insert into public."Books" values(800306, 'forget', 'Sarah Marks', 888, 1905, 'ten');
insert into public."Books" values(371387, 'laugh', 'Todd Salazar', 8577, 1515, 'home');
insert into public."Books" values(435374, 'contain', 'Marie Stokes MD', 6059, 1782, 'level');
insert into public."Books" values(508783, 'night', 'Alexandra Collins', 4220, 1589, 'level');
insert into public."Books" values(820855, 'true', 'Brian Smith', 3063, 1741, 'fall');
insert into public."Books" values(885354, 'hand', 'Donna Humphrey DDS', 3801, 1987, 'executive');
insert into public."Books" values(60049, 'once', 'Lisa Vasquez', 9607, 1824, 'material');
insert into public."Books" values(182350, 'buy', 'Maria Chang', 2233, 1717, 'sport');
insert into public."Books" values(180929, 'lawyer', 'Meredith Stevens', 5690, 1726, 'head');

insert into public."Copies" values(651600, 1, 314);
insert into public."Copies" values(651600, 2, 88);
insert into public."Copies" values(651600, 3, 146);
insert into public."Copies" values(651600, 4, 140);
insert into public."Copies" values(651600, 5, 130);
insert into public."Copies" values(651600, 6, 170);
insert into public."Copies" values(611020, 1, 315);
insert into public."Copies" values(611020, 2, 19);
insert into public."Copies" values(611020, 3, 58);
insert into public."Copies" values(611020, 4, 354);
insert into public."Copies" values(611020, 5, 242);
insert into public."Copies" values(611020, 6, 403);
insert into public."Copies" values(611020, 7, 477);
insert into public."Copies" values(402686, 1, 96);
insert into public."Copies" values(402686, 2, 359);
insert into public."Copies" values(402686, 3, 231);
insert into public."Copies" values(402686, 4, 424);
insert into public."Copies" values(402686, 5, 71);
insert into public."Copies" values(402686, 6, 379);
insert into public."Copies" values(402686, 7, 430);
insert into public."Copies" values(852597, 1, 122);
insert into public."Copies" values(852597, 2, 227);
insert into public."Copies" values(852597, 3, 35);
insert into public."Copies" values(852597, 4, 439);
insert into public."Copies" values(715896, 1, 201);
insert into public."Copies" values(715896, 2, 268);
insert into public."Copies" values(715896, 3, 336);
insert into public."Copies" values(715896, 4, 82);
insert into public."Copies" values(715896, 5, 159);
insert into public."Copies" values(715896, 6, 257);
insert into public."Copies" values(715896, 7, 276);
insert into public."Copies" values(715896, 8, 342);
insert into public."Copies" values(715896, 9, 74);
insert into public."Copies" values(715896, 10, 33);
insert into public."Copies" values(479773, 1, 158);
insert into public."Copies" values(479773, 2, 233);
insert into public."Copies" values(479773, 3, 277);
insert into public."Copies" values(479773, 4, 415);
insert into public."Copies" values(479773, 5, 201);
insert into public."Copies" values(479773, 6, 274);
insert into public."Copies" values(479773, 7, 221);
insert into public."Copies" values(479773, 8, 209);
insert into public."Copies" values(482, 1, 15);
insert into public."Copies" values(686881, 1, 280);
insert into public."Copies" values(686881, 2, 267);
insert into public."Copies" values(686881, 3, 7);
insert into public."Copies" values(686881, 4, 314);
insert into public."Copies" values(686881, 5, 135);
insert into public."Copies" values(686881, 6, 360);
insert into public."Copies" values(686881, 7, 81);
insert into public."Copies" values(686881, 8, 435);
insert into public."Copies" values(478117, 1, 133);
insert into public."Copies" values(478117, 2, 29);
insert into public."Copies" values(54706, 1, 325);
insert into public."Copies" values(54706, 2, 328);
insert into public."Copies" values(54706, 3, 274);
insert into public."Copies" values(54706, 4, 368);
insert into public."Copies" values(54706, 5, 134);
insert into public."Copies" values(54706, 6, 344);
insert into public."Copies" values(54706, 7, 270);
insert into public."Copies" values(54706, 8, 243);
insert into public."Copies" values(54706, 9, 51);
insert into public."Copies" values(253563, 1, 457);
insert into public."Copies" values(253563, 2, 477);
insert into public."Copies" values(254215, 1, 407);
insert into public."Copies" values(254215, 2, 366);
insert into public."Copies" values(500676, 1, 25);
insert into public."Copies" values(500676, 2, 240);
insert into public."Copies" values(500676, 3, 98);
insert into public."Copies" values(500676, 4, 235);
insert into public."Copies" values(500676, 5, 93);
insert into public."Copies" values(500676, 6, 473);
insert into public."Copies" values(500676, 7, 124);
insert into public."Copies" values(500676, 8, 95);
insert into public."Copies" values(500676, 9, 134);
insert into public."Copies" values(435389, 1, 497);
insert into public."Copies" values(435389, 2, 67);
insert into public."Copies" values(435389, 3, 86);
insert into public."Copies" values(966397, 1, 450);
insert into public."Copies" values(966397, 2, 20);
insert into public."Copies" values(966397, 3, 47);
insert into public."Copies" values(966397, 4, 201);
insert into public."Copies" values(203974, 1, 295);
insert into public."Copies" values(203974, 2, 186);
insert into public."Copies" values(203974, 3, 382);
insert into public."Copies" values(203974, 4, 192);
insert into public."Copies" values(203974, 5, 369);
insert into public."Copies" values(203974, 6, 195);
insert into public."Copies" values(203974, 7, 58);
insert into public."Copies" values(477363, 1, 53);
insert into public."Copies" values(477363, 2, 41);
insert into public."Copies" values(477363, 3, 218);
insert into public."Copies" values(477363, 4, 464);
insert into public."Copies" values(477363, 5, 354);
insert into public."Copies" values(477363, 6, 44);
insert into public."Copies" values(477363, 7, 109);
insert into public."Copies" values(159803, 1, 56);
insert into public."Copies" values(159803, 2, 187);
insert into public."Copies" values(159803, 3, 318);
insert into public."Copies" values(159803, 4, 2);
insert into public."Copies" values(159803, 5, 108);
insert into public."Copies" values(159803, 6, 325);
insert into public."Copies" values(159803, 7, 340);
insert into public."Copies" values(499692, 1, 77);
insert into public."Copies" values(499692, 2, 78);
insert into public."Copies" values(499692, 3, 337);
insert into public."Copies" values(499692, 4, 421);
insert into public."Copies" values(499692, 5, 107);
insert into public."Copies" values(499692, 6, 144);
insert into public."Copies" values(499692, 7, 256);
insert into public."Copies" values(499692, 8, 141);
insert into public."Copies" values(499692, 9, 267);
insert into public."Copies" values(499692, 10, 297);
insert into public."Copies" values(702560, 1, 353);
insert into public."Copies" values(589896, 1, 251);
insert into public."Copies" values(589896, 2, 366);
insert into public."Copies" values(589896, 3, 246);
insert into public."Copies" values(589896, 4, 412);
insert into public."Copies" values(486433, 1, 120);
insert into public."Copies" values(486433, 2, 143);
insert into public."Copies" values(486433, 3, 176);
insert into public."Copies" values(486433, 4, 422);
insert into public."Copies" values(486433, 5, 158);
insert into public."Copies" values(486433, 6, 429);
insert into public."Copies" values(486433, 7, 322);
insert into public."Copies" values(519977, 1, 197);
insert into public."Copies" values(519977, 2, 56);
insert into public."Copies" values(519977, 3, 23);
insert into public."Copies" values(519977, 4, 257);
insert into public."Copies" values(243577, 1, 411);
insert into public."Copies" values(243577, 2, 245);
insert into public."Copies" values(243577, 3, 374);
insert into public."Copies" values(243577, 4, 249);
insert into public."Copies" values(243577, 5, 245);
insert into public."Copies" values(243577, 6, 471);
insert into public."Copies" values(6730, 1, 411);
insert into public."Copies" values(6730, 2, 456);
insert into public."Copies" values(6730, 3, 397);
insert into public."Copies" values(6730, 4, 286);
insert into public."Copies" values(6730, 5, 57);
insert into public."Copies" values(6730, 6, 465);
insert into public."Copies" values(6730, 7, 169);
insert into public."Copies" values(6730, 8, 374);
insert into public."Copies" values(402608, 1, 337);
insert into public."Copies" values(402608, 2, 493);
insert into public."Copies" values(402608, 3, 208);
insert into public."Copies" values(402608, 4, 268);
insert into public."Copies" values(402608, 5, 21);
insert into public."Copies" values(402608, 6, 429);
insert into public."Copies" values(402608, 7, 58);
insert into public."Copies" values(402608, 8, 21);
insert into public."Copies" values(402608, 9, 105);
insert into public."Copies" values(291938, 1, 83);
insert into public."Copies" values(291938, 2, 446);
insert into public."Copies" values(291938, 3, 410);
insert into public."Copies" values(291938, 4, 231);
insert into public."Copies" values(291938, 5, 487);
insert into public."Copies" values(291938, 6, 415);
insert into public."Copies" values(291938, 7, 249);
insert into public."Copies" values(291938, 8, 355);
insert into public."Copies" values(499406, 1, 57);
insert into public."Copies" values(499406, 2, 14);
insert into public."Copies" values(499406, 3, 357);
insert into public."Copies" values(499406, 4, 210);
insert into public."Copies" values(499406, 5, 18);
insert into public."Copies" values(499406, 6, 18);
insert into public."Copies" values(499406, 7, 123);
insert into public."Copies" values(499406, 8, 157);
insert into public."Copies" values(499406, 9, 360);
insert into public."Copies" values(499406, 10, 52);
insert into public."Copies" values(787636, 1, 312);
insert into public."Copies" values(787636, 2, 355);
insert into public."Copies" values(787636, 3, 189);
insert into public."Copies" values(787636, 4, 36);
insert into public."Copies" values(787636, 5, 449);
insert into public."Copies" values(787636, 6, 124);
insert into public."Copies" values(787636, 7, 197);
insert into public."Copies" values(787636, 8, 417);
insert into public."Copies" values(566604, 1, 204);
insert into public."Copies" values(566604, 2, 348);
insert into public."Copies" values(566604, 3, 445);
insert into public."Copies" values(566604, 4, 266);
insert into public."Copies" values(566604, 5, 273);
insert into public."Copies" values(566604, 6, 238);
insert into public."Copies" values(888013, 1, 324);
insert into public."Copies" values(888013, 2, 478);
insert into public."Copies" values(888013, 3, 56);
insert into public."Copies" values(691279, 1, 31);
insert into public."Copies" values(691279, 2, 28);
insert into public."Copies" values(691279, 3, 68);
insert into public."Copies" values(691279, 4, 95);
insert into public."Copies" values(691279, 5, 203);
insert into public."Copies" values(691279, 6, 168);
insert into public."Copies" values(372476, 1, 493);
insert into public."Copies" values(372476, 2, 498);
insert into public."Copies" values(590289, 1, 3);
insert into public."Copies" values(590289, 2, 366);
insert into public."Copies" values(855737, 1, 57);
insert into public."Copies" values(601056, 1, 72);
insert into public."Copies" values(601056, 2, 448);
insert into public."Copies" values(601056, 3, 58);
insert into public."Copies" values(560400, 1, 284);
insert into public."Copies" values(560400, 2, 343);
insert into public."Copies" values(560400, 3, 332);
insert into public."Copies" values(560400, 4, 352);
insert into public."Copies" values(560400, 5, 2);
insert into public."Copies" values(560400, 6, 449);
insert into public."Copies" values(560400, 7, 99);
insert into public."Copies" values(560400, 8, 471);
insert into public."Copies" values(544270, 1, 247);
insert into public."Copies" values(544270, 2, 406);
insert into public."Copies" values(544270, 3, 221);
insert into public."Copies" values(544270, 4, 230);
insert into public."Copies" values(544270, 5, 150);
insert into public."Copies" values(544270, 6, 150);
insert into public."Copies" values(874064, 1, 443);
insert into public."Copies" values(874064, 2, 229);
insert into public."Copies" values(874064, 3, 86);
insert into public."Copies" values(874064, 4, 456);
insert into public."Copies" values(874064, 5, 331);
insert into public."Copies" values(876780, 1, 309);
insert into public."Copies" values(876780, 2, 360);
insert into public."Copies" values(876780, 3, 375);
insert into public."Copies" values(876780, 4, 58);
insert into public."Copies" values(876780, 5, 416);
insert into public."Copies" values(801125, 1, 99);
insert into public."Copies" values(801125, 2, 449);
insert into public."Copies" values(801125, 3, 165);
insert into public."Copies" values(567993, 1, 473);
insert into public."Copies" values(567993, 2, 103);
insert into public."Copies" values(567993, 3, 119);
insert into public."Copies" values(567993, 4, 104);
insert into public."Copies" values(567993, 5, 495);
insert into public."Copies" values(567993, 6, 136);
insert into public."Copies" values(567993, 7, 253);
insert into public."Copies" values(567993, 8, 345);
insert into public."Copies" values(567993, 9, 175);
insert into public."Copies" values(567993, 10, 311);
insert into public."Copies" values(213971, 1, 413);
insert into public."Copies" values(213971, 2, 397);
insert into public."Copies" values(213971, 3, 284);
insert into public."Copies" values(213971, 4, 481);
insert into public."Copies" values(213971, 5, 246);
insert into public."Copies" values(213971, 6, 404);
insert into public."Copies" values(213971, 7, 324);
insert into public."Copies" values(213971, 8, 322);
insert into public."Copies" values(452588, 1, 472);
insert into public."Copies" values(452588, 2, 290);
insert into public."Copies" values(452588, 3, 259);
insert into public."Copies" values(452588, 4, 37);
insert into public."Copies" values(452588, 5, 185);
insert into public."Copies" values(452588, 6, 136);
insert into public."Copies" values(452588, 7, 235);
insert into public."Copies" values(452588, 8, 81);
insert into public."Copies" values(452588, 9, 347);
insert into public."Copies" values(114070, 1, 174);
insert into public."Copies" values(114070, 2, 134);
insert into public."Copies" values(114070, 3, 315);
insert into public."Copies" values(114070, 4, 74);
insert into public."Copies" values(114070, 5, 456);
insert into public."Copies" values(114070, 6, 254);
insert into public."Copies" values(114070, 7, 180);
insert into public."Copies" values(226616, 1, 226);
insert into public."Copies" values(226616, 2, 14);
insert into public."Copies" values(226616, 3, 105);
insert into public."Copies" values(226616, 4, 94);
insert into public."Copies" values(226616, 5, 267);
insert into public."Copies" values(226616, 6, 109);
insert into public."Copies" values(559880, 1, 167);
insert into public."Copies" values(559880, 2, 95);
insert into public."Copies" values(559880, 3, 224);
insert into public."Copies" values(559880, 4, 223);
insert into public."Copies" values(559880, 5, 258);
insert into public."Copies" values(559880, 6, 25);
insert into public."Copies" values(559880, 7, 118);
insert into public."Copies" values(762180, 1, 364);
insert into public."Copies" values(762180, 2, 268);
insert into public."Copies" values(762180, 3, 385);
insert into public."Copies" values(762180, 4, 164);
insert into public."Copies" values(762180, 5, 314);
insert into public."Copies" values(762180, 6, 34);
insert into public."Copies" values(762180, 7, 377);
insert into public."Copies" values(284506, 1, 431);
insert into public."Copies" values(284506, 2, 201);
insert into public."Copies" values(284506, 3, 1);
insert into public."Copies" values(284506, 4, 53);
insert into public."Copies" values(284506, 5, 157);
insert into public."Copies" values(284506, 6, 189);
insert into public."Copies" values(284506, 7, 154);
insert into public."Copies" values(284506, 8, 269);
insert into public."Copies" values(284506, 9, 481);
insert into public."Copies" values(670187, 1, 372);
insert into public."Copies" values(670187, 2, 345);
insert into public."Copies" values(670187, 3, 381);
insert into public."Copies" values(670187, 4, 46);
insert into public."Copies" values(670187, 5, 215);
insert into public."Copies" values(235610, 1, 92);
insert into public."Copies" values(235610, 2, 28);
insert into public."Copies" values(235610, 3, 499);
insert into public."Copies" values(235610, 4, 485);
insert into public."Copies" values(986657, 1, 132);
insert into public."Copies" values(986657, 2, 399);
insert into public."Copies" values(660716, 1, 185);
insert into public."Copies" values(660716, 2, 2);
insert into public."Copies" values(660716, 3, 395);
insert into public."Copies" values(660716, 4, 44);
insert into public."Copies" values(82799, 1, 384);
insert into public."Copies" values(82799, 2, 93);
insert into public."Copies" values(82799, 3, 141);
insert into public."Copies" values(400576, 1, 283);
insert into public."Copies" values(400576, 2, 396);
insert into public."Copies" values(400576, 3, 110);
insert into public."Copies" values(400576, 4, 122);
insert into public."Copies" values(400576, 5, 269);
insert into public."Copies" values(400576, 6, 114);
insert into public."Copies" values(400576, 7, 315);
insert into public."Copies" values(833253, 1, 378);
insert into public."Copies" values(481284, 1, 476);
insert into public."Copies" values(481284, 2, 186);
insert into public."Copies" values(481284, 3, 75);
insert into public."Copies" values(481284, 4, 50);
insert into public."Copies" values(481284, 5, 13);
insert into public."Copies" values(532851, 1, 65);
insert into public."Copies" values(532851, 2, 268);
insert into public."Copies" values(532851, 3, 424);
insert into public."Copies" values(914010, 1, 330);
insert into public."Copies" values(914010, 2, 487);
insert into public."Copies" values(914010, 3, 431);
insert into public."Copies" values(914010, 4, 110);
insert into public."Copies" values(914010, 5, 137);
insert into public."Copies" values(914010, 6, 286);
insert into public."Copies" values(914010, 7, 168);
insert into public."Copies" values(4186, 1, 152);
insert into public."Copies" values(87811, 1, 295);
insert into public."Copies" values(87811, 2, 431);
insert into public."Copies" values(87811, 3, 68);
insert into public."Copies" values(87811, 4, 218);
insert into public."Copies" values(87811, 5, 177);
insert into public."Copies" values(87811, 6, 281);
insert into public."Copies" values(87811, 7, 314);
insert into public."Copies" values(87811, 8, 309);
insert into public."Copies" values(87811, 9, 34);
insert into public."Copies" values(87811, 10, 260);
insert into public."Copies" values(292555, 1, 310);
insert into public."Copies" values(292555, 2, 433);
insert into public."Copies" values(292555, 3, 349);
insert into public."Copies" values(292555, 4, 438);
insert into public."Copies" values(945360, 1, 268);
insert into public."Copies" values(945360, 2, 107);
insert into public."Copies" values(945360, 3, 411);
insert into public."Copies" values(945360, 4, 295);
insert into public."Copies" values(826809, 1, 161);
insert into public."Copies" values(826809, 2, 273);
insert into public."Copies" values(826809, 3, 55);
insert into public."Copies" values(826809, 4, 284);
insert into public."Copies" values(615068, 1, 109);
insert into public."Copies" values(615068, 2, 420);
insert into public."Copies" values(615068, 3, 469);
insert into public."Copies" values(937663, 1, 360);
insert into public."Copies" values(937663, 2, 452);
insert into public."Copies" values(937663, 3, 167);
insert into public."Copies" values(937663, 4, 89);
insert into public."Copies" values(937663, 5, 335);
insert into public."Copies" values(937663, 6, 294);
insert into public."Copies" values(937663, 7, 404);
insert into public."Copies" values(937663, 8, 68);
insert into public."Copies" values(937663, 9, 168);
insert into public."Copies" values(937663, 10, 370);
insert into public."Copies" values(249548, 1, 81);
insert into public."Copies" values(249548, 2, 397);
insert into public."Copies" values(496052, 1, 266);
insert into public."Copies" values(496052, 2, 442);
insert into public."Copies" values(388518, 1, 371);
insert into public."Copies" values(388518, 2, 158);
insert into public."Copies" values(388518, 3, 103);
insert into public."Copies" values(388518, 4, 173);
insert into public."Copies" values(388518, 5, 152);
insert into public."Copies" values(388518, 6, 464);
insert into public."Copies" values(388518, 7, 416);
insert into public."Copies" values(388518, 8, 455);
insert into public."Copies" values(388518, 9, 395);
insert into public."Copies" values(886472, 1, 149);
insert into public."Copies" values(886472, 2, 434);
insert into public."Copies" values(886472, 3, 303);
insert into public."Copies" values(785924, 1, 445);
insert into public."Copies" values(785924, 2, 428);
insert into public."Copies" values(785924, 3, 466);
insert into public."Copies" values(29425, 1, 238);
insert into public."Copies" values(29425, 2, 102);
insert into public."Copies" values(29425, 3, 13);
insert into public."Copies" values(29425, 4, 466);
insert into public."Copies" values(29425, 5, 295);
insert into public."Copies" values(29425, 6, 118);
insert into public."Copies" values(950325, 1, 395);
insert into public."Copies" values(950325, 2, 242);
insert into public."Copies" values(950325, 3, 154);
insert into public."Copies" values(950325, 4, 13);
insert into public."Copies" values(987361, 1, 314);
insert into public."Copies" values(987361, 2, 192);
insert into public."Copies" values(780760, 1, 147);
insert into public."Copies" values(780760, 2, 282);
insert into public."Copies" values(780760, 3, 217);
insert into public."Copies" values(727797, 1, 84);
insert into public."Copies" values(727797, 2, 14);
insert into public."Copies" values(727797, 3, 369);
insert into public."Copies" values(281447, 1, 420);
insert into public."Copies" values(175470, 1, 407);
insert into public."Copies" values(175470, 2, 42);
insert into public."Copies" values(682571, 1, 420);
insert into public."Copies" values(982571, 1, 167);
insert into public."Copies" values(982571, 2, 274);
insert into public."Copies" values(483667, 1, 189);
insert into public."Copies" values(483667, 2, 178);
insert into public."Copies" values(483667, 3, 139);
insert into public."Copies" values(483667, 4, 172);
insert into public."Copies" values(786665, 1, 434);
insert into public."Copies" values(786665, 2, 395);
insert into public."Copies" values(786665, 3, 54);
insert into public."Copies" values(786665, 4, 468);
insert into public."Copies" values(786665, 5, 296);
insert into public."Copies" values(786665, 6, 331);
insert into public."Copies" values(786665, 7, 198);
insert into public."Copies" values(786665, 8, 142);
insert into public."Copies" values(786665, 9, 97);
insert into public."Copies" values(27620, 1, 288);
insert into public."Copies" values(27620, 2, 148);
insert into public."Copies" values(27620, 3, 180);
insert into public."Copies" values(27620, 4, 327);
insert into public."Copies" values(27620, 5, 379);
insert into public."Copies" values(751681, 1, 477);
insert into public."Copies" values(751681, 2, 193);
insert into public."Copies" values(530891, 1, 273);
insert into public."Copies" values(530891, 2, 174);
insert into public."Copies" values(530891, 3, 100);
insert into public."Copies" values(530891, 4, 338);
insert into public."Copies" values(530891, 5, 222);
insert into public."Copies" values(530891, 6, 366);
insert into public."Copies" values(820132, 1, 113);
insert into public."Copies" values(820132, 2, 425);
insert into public."Copies" values(820132, 3, 102);
insert into public."Copies" values(154986, 1, 357);
insert into public."Copies" values(154986, 2, 415);
insert into public."Copies" values(154986, 3, 149);
insert into public."Copies" values(154986, 4, 104);
insert into public."Copies" values(154986, 5, 3);
insert into public."Copies" values(154986, 6, 265);
insert into public."Copies" values(154986, 7, 59);
insert into public."Copies" values(103219, 1, 152);
insert into public."Copies" values(103219, 2, 481);
insert into public."Copies" values(581267, 1, 276);
insert into public."Copies" values(581267, 2, 134);
insert into public."Copies" values(581267, 3, 59);
insert into public."Copies" values(581267, 4, 428);
insert into public."Copies" values(581267, 5, 57);
insert into public."Copies" values(581267, 6, 240);
insert into public."Copies" values(581267, 7, 30);
insert into public."Copies" values(657960, 1, 148);
insert into public."Copies" values(657960, 2, 282);
insert into public."Copies" values(657960, 3, 31);
insert into public."Copies" values(657960, 4, 144);
insert into public."Copies" values(657960, 5, 65);
insert into public."Copies" values(657960, 6, 305);
insert into public."Copies" values(845603, 1, 265);
insert into public."Copies" values(845603, 2, 52);
insert into public."Copies" values(800306, 1, 276);
insert into public."Copies" values(371387, 1, 460);
insert into public."Copies" values(371387, 2, 39);
insert into public."Copies" values(435374, 1, 50);
insert into public."Copies" values(508783, 1, 115);
insert into public."Copies" values(508783, 2, 233);
insert into public."Copies" values(508783, 3, 156);
insert into public."Copies" values(508783, 4, 4);
insert into public."Copies" values(508783, 5, 390);
insert into public."Copies" values(508783, 6, 422);
insert into public."Copies" values(508783, 7, 499);
insert into public."Copies" values(820855, 1, 58);
insert into public."Copies" values(820855, 2, 372);
insert into public."Copies" values(820855, 3, 71);
insert into public."Copies" values(885354, 1, 50);
insert into public."Copies" values(885354, 2, 486);
insert into public."Copies" values(885354, 3, 414);
insert into public."Copies" values(885354, 4, 88);
insert into public."Copies" values(885354, 5, 473);
insert into public."Copies" values(885354, 6, 452);
insert into public."Copies" values(885354, 7, 28);
insert into public."Copies" values(885354, 8, 96);
insert into public."Copies" values(60049, 1, 234);
insert into public."Copies" values(60049, 2, 353);
insert into public."Copies" values(60049, 3, 300);
insert into public."Copies" values(60049, 4, 428);
insert into public."Copies" values(60049, 5, 163);
insert into public."Copies" values(60049, 6, 286);
insert into public."Copies" values(60049, 7, 443);
insert into public."Copies" values(60049, 8, 206);
insert into public."Copies" values(182350, 1, 439);
insert into public."Copies" values(182350, 2, 408);
insert into public."Copies" values(182350, 3, 21);
insert into public."Copies" values(182350, 4, 297);
insert into public."Copies" values(180929, 1, 28);
insert into public."Copies" values(180929, 2, 152);

insert into public."Categories" values('certain', null);
insert into public."Categories" values('learn', null);
insert into public."Categories" values('like', null);
insert into public."Categories" values('real', null);
insert into public."Categories" values('parent', null);
insert into public."Categories" values('gun', null);
insert into public."Categories" values('front', null);
insert into public."Categories" values('begin', null);
insert into public."Categories" values('alone', null);
insert into public."Categories" values('sound', null);
insert into public."Categories" values('however', null);
insert into public."Categories" values('nice', null);
insert into public."Categories" values('cover', null);
insert into public."Categories" values('wide', null);
insert into public."Categories" values('pressure', 'parent');
insert into public."Categories" values('conference', 'cover');
insert into public."Categories" values('true', 'pressure');
insert into public."Categories" values('with', 'real');
insert into public."Categories" values('perform', 'with');
insert into public."Categories" values('baby', 'conference');
insert into public."Categories" values('option', 'learn');
insert into public."Categories" values('agent', 'learn');
insert into public."Categories" values('yard', 'cover');
insert into public."Categories" values('society', 'like');
insert into public."Categories" values('number', 'cover');
insert into public."Categories" values('show', 'like');
insert into public."Categories" values('tough', 'front');
insert into public."Categories" values('send', 'conference');
insert into public."Categories" values('budget', 'certain');
insert into public."Categories" values('everyone', 'like');

insert into public."Borrowings" values(52, 87811, 2, to_date('1994-08-07', 'yyyy-mm-dd'));
insert into public."Borrowings" values(62, 499692, 7, to_date('2009-08-20', 'yyyy-mm-dd'));
insert into public."Borrowings" values(17, 499692, 9, to_date('2003-04-22', 'yyyy-mm-dd'));
insert into public."Borrowings" values(92, 481284, 1, to_date('1970-02-18', 'yyyy-mm-dd'));
insert into public."Borrowings" values(95, 762180, 1, to_date('1986-01-22', 'yyyy-mm-dd'));
insert into public."Borrowings" values(25, 60049, 4, to_date('2000-06-07', 'yyyy-mm-dd'));
insert into public."Borrowings" values(96, 292555, 2, to_date('1974-05-20', 'yyyy-mm-dd'));
insert into public."Borrowings" values(61, 852597, 4, to_date('2016-06-21', 'yyyy-mm-dd'));
insert into public."Borrowings" values(73, 567993, 4, to_date('1980-06-25', 'yyyy-mm-dd'));
insert into public."Borrowings" values(69, 402608, 2, to_date('1974-07-08', 'yyyy-mm-dd'));
insert into public."Borrowings" values(84, 519977, 3, to_date('2010-02-07', 'yyyy-mm-dd'));
insert into public."Borrowings" values(34, 532851, 3, to_date('2004-09-10', 'yyyy-mm-dd'));
insert into public."Borrowings" values(95, 402686, 2, to_date('1989-03-31', 'yyyy-mm-dd'));
insert into public."Borrowings" values(44, 615068, 3, to_date('1996-09-19', 'yyyy-mm-dd'));
insert into public."Borrowings" values(54, 477363, 7, to_date('2006-03-13', 'yyyy-mm-dd'));
insert into public."Borrowings" values(19, 82799, 1, to_date('2014-08-24', 'yyyy-mm-dd'));
insert into public."Borrowings" values(73, 566604, 3, to_date('1975-07-08', 'yyyy-mm-dd'));
insert into public."Borrowings" values(41, 235610, 3, to_date('1991-08-13', 'yyyy-mm-dd'));
insert into public."Borrowings" values(69, 530891, 2, to_date('1995-07-05', 'yyyy-mm-dd'));
insert into public."Borrowings" values(78, 175470, 1, to_date('2001-05-01', 'yyyy-mm-dd'));
insert into public."Borrowings" values(55, 787636, 5, to_date('1997-11-18', 'yyyy-mm-dd'));
insert into public."Borrowings" values(57, 886472, 2, to_date('1976-09-14', 'yyyy-mm-dd'));
insert into public."Borrowings" values(4, 29425, 1, to_date('1972-11-06', 'yyyy-mm-dd'));
insert into public."Borrowings" values(3, 114070, 5, to_date('1971-02-25', 'yyyy-mm-dd'));
insert into public."Borrowings" values(80, 291938, 2, to_date('1996-03-08', 'yyyy-mm-dd'));
insert into public."Borrowings" values(59, 560400, 5, to_date('1973-09-14', 'yyyy-mm-dd'));
insert into public."Borrowings" values(88, 486433, 6, to_date('2020-03-05', 'yyyy-mm-dd'));
insert into public."Borrowings" values(31, 284506, 3, to_date('1979-08-06', 'yyyy-mm-dd'));
insert into public."Borrowings" values(44, 950325, 2, to_date('1978-12-04', 'yyyy-mm-dd'));
insert into public."Borrowings" values(42, 54706, 5, to_date('1990-04-23', 'yyyy-mm-dd'));
insert into public."Borrowings" values(41, 567993, 9, to_date('2020-08-25', 'yyyy-mm-dd'));
insert into public."Borrowings" values(15, 400576, 1, to_date('1992-08-03', 'yyyy-mm-dd'));
insert into public."Borrowings" values(16, 226616, 6, to_date('1983-02-15', 'yyyy-mm-dd'));
insert into public."Borrowings" values(49, 371387, 2, to_date('1994-09-05', 'yyyy-mm-dd'));
insert into public."Borrowings" values(69, 500676, 5, to_date('1974-02-21', 'yyyy-mm-dd'));
insert into public."Borrowings" values(100, 559880, 1, to_date('2003-12-13', 'yyyy-mm-dd'));
insert into public."Borrowings" values(47, 253563, 1, to_date('2016-11-17', 'yyyy-mm-dd'));
insert into public."Borrowings" values(18, 203974, 1, to_date('2003-08-29', 'yyyy-mm-dd'));
insert into public."Borrowings" values(100, 371387, 1, to_date('2014-10-09', 'yyyy-mm-dd'));
insert into public."Borrowings" values(65, 486433, 4, to_date('2008-10-14', 'yyyy-mm-dd'));
insert into public."Borrowings" values(18, 519977, 2, to_date('2001-01-26', 'yyyy-mm-dd'));
insert into public."Borrowings" values(99, 499692, 1, to_date('2013-11-19', 'yyyy-mm-dd'));
insert into public."Borrowings" values(57, 914010, 4, to_date('2014-03-20', 'yyyy-mm-dd'));
insert into public."Borrowings" values(24, 937663, 7, to_date('2018-09-20', 'yyyy-mm-dd'));
insert into public."Borrowings" values(58, 402608, 9, to_date('2009-09-09', 'yyyy-mm-dd'));
insert into public."Borrowings" values(20, 499692, 4, to_date('1995-04-02', 'yyyy-mm-dd'));
insert into public."Borrowings" values(73, 691279, 4, to_date('2003-07-06', 'yyyy-mm-dd'));
insert into public."Borrowings" values(31, 762180, 2, to_date('1982-10-12', 'yyyy-mm-dd'));
insert into public."Borrowings" values(78, 402686, 7, to_date('2021-04-21', 'yyyy-mm-dd'));
insert into public."Borrowings" values(30, 987361, 1, to_date('1983-07-28', 'yyyy-mm-dd'));

insert into public."BookCats" values(651600, 'pressure');
insert into public."BookCats" values(611020, 'send');
insert into public."BookCats" values(402686, 'however');
insert into public."BookCats" values(852597, 'yard');
insert into public."BookCats" values(715896, 'sound');
insert into public."BookCats" values(479773, 'with');
insert into public."BookCats" values(482, 'perform');
insert into public."BookCats" values(686881, 'however');
insert into public."BookCats" values(478117, 'society');
insert into public."BookCats" values(54706, 'true');
insert into public."BookCats" values(253563, 'send');
insert into public."BookCats" values(254215, 'sound');
insert into public."BookCats" values(500676, 'front');
insert into public."BookCats" values(435389, 'yard');
insert into public."BookCats" values(966397, 'tough');
insert into public."BookCats" values(203974, 'like');
insert into public."BookCats" values(477363, 'yard');
insert into public."BookCats" values(159803, 'with');
insert into public."BookCats" values(499692, 'front');
insert into public."BookCats" values(702560, 'perform');
insert into public."BookCats" values(589896, 'front');
insert into public."BookCats" values(486433, 'begin');
insert into public."BookCats" values(519977, 'send');
insert into public."BookCats" values(243577, 'perform');
insert into public."BookCats" values(6730, 'option');
insert into public."BookCats" values(402608, 'real');
insert into public."BookCats" values(291938, 'begin');
insert into public."BookCats" values(499406, 'nice');
insert into public."BookCats" values(787636, 'with');
insert into public."BookCats" values(566604, 'alone');
insert into public."BookCats" values(888013, 'number');
insert into public."BookCats" values(691279, 'society');
insert into public."BookCats" values(372476, 'pressure');
insert into public."BookCats" values(590289, 'begin');
insert into public."BookCats" values(855737, 'show');
insert into public."BookCats" values(601056, 'real');
insert into public."BookCats" values(560400, 'parent');
insert into public."BookCats" values(544270, 'agent');
insert into public."BookCats" values(874064, 'certain');
insert into public."BookCats" values(876780, 'send');
insert into public."BookCats" values(801125, 'like');
insert into public."BookCats" values(567993, 'option');
insert into public."BookCats" values(213971, 'gun');
insert into public."BookCats" values(452588, 'with');
insert into public."BookCats" values(114070, 'sound');
insert into public."BookCats" values(226616, 'pressure');
insert into public."BookCats" values(559880, 'with');
insert into public."BookCats" values(762180, 'option');
insert into public."BookCats" values(284506, 'show');
insert into public."BookCats" values(670187, 'parent');
insert into public."BookCats" values(235610, 'show');
insert into public."BookCats" values(986657, 'everyone');
insert into public."BookCats" values(660716, 'front');
insert into public."BookCats" values(82799, 'cover');
insert into public."BookCats" values(400576, 'front');
insert into public."BookCats" values(833253, 'learn');
insert into public."BookCats" values(481284, 'conference');
insert into public."BookCats" values(532851, 'show');
insert into public."BookCats" values(914010, 'perform');
insert into public."BookCats" values(4186, 'show');
insert into public."BookCats" values(87811, 'like');
insert into public."BookCats" values(292555, 'cover');
insert into public."BookCats" values(945360, 'nice');
insert into public."BookCats" values(826809, 'learn');
insert into public."BookCats" values(615068, 'certain');
insert into public."BookCats" values(937663, 'front');
insert into public."BookCats" values(249548, 'learn');
insert into public."BookCats" values(496052, 'cover');
insert into public."BookCats" values(388518, 'conference');
insert into public."BookCats" values(886472, 'society');
insert into public."BookCats" values(785924, 'pressure');
insert into public."BookCats" values(29425, 'alone');
insert into public."BookCats" values(950325, 'with');
insert into public."BookCats" values(987361, 'agent');
insert into public."BookCats" values(780760, 'pressure');
insert into public."BookCats" values(727797, 'begin');
insert into public."BookCats" values(281447, 'begin');
insert into public."BookCats" values(175470, 'with');
insert into public."BookCats" values(682571, 'wide');
insert into public."BookCats" values(982571, 'begin');
insert into public."BookCats" values(483667, 'real');
insert into public."BookCats" values(786665, 'tough');
insert into public."BookCats" values(27620, 'with');
insert into public."BookCats" values(751681, 'with');
insert into public."BookCats" values(530891, 'true');
insert into public."BookCats" values(820132, 'perform');
insert into public."BookCats" values(154986, 'send');
insert into public."BookCats" values(103219, 'number');
insert into public."BookCats" values(581267, 'tough');
insert into public."BookCats" values(657960, 'like');
insert into public."BookCats" values(845603, 'everyone');
insert into public."BookCats" values(800306, 'tough');
insert into public."BookCats" values(371387, 'option');
insert into public."BookCats" values(435374, 'real');
insert into public."BookCats" values(508783, 'however');
insert into public."BookCats" values(820855, 'yard');
insert into public."BookCats" values(885354, 'conference');
insert into public."BookCats" values(60049, 'agent');
insert into public."BookCats" values(182350, 'true');
insert into public."BookCats" values(180929, 'with');